"id","name"
"fc9a5d778d2b94ed54d658bd","Uribe"
"dd6776d392eeea0a97c12810","Petro"
"09f288d58fc9aec0ff794ee2","Lopez"
"7ad6d2caf3f759f9de4c62cc","Petro"
"daa18d4244188a6fdb29a684","Lopez"
"954a297adab01b8bef899cf5","Uribe"
"8cd44dcb39d72b6996f60a40","Lopez"
"fb9e97d45f687843ecb9bf1f","Petro"
"92db9eb2a33aacbdba33703c","Uribe"
"d7b4ece820fe90968692b4a7","Lopez"
"07560ce31eefa9fc6923b0e4","Lopez"
"3e89908d84e21fa3777d9dab","Uribe"
"9e907f8fcc1e29b44b41fa90","Petro"
"a3a8392cba85078ead5685ff","Lopez"
"7bef307702f4273289b71529","Uribe"
"4b406838402adeb28328644d","Petro"
"ac68fff1457395d15d76a6ea","Uribe"
"0cebc6abf915e5e3a097d86e","Uribe"
"2400793568895a6f83e562cc","Lopez"
"b7de4040d46e27c1185248c2","Uribe"
"4ffc91c837115de848a021e6","Petro"
"7b9870a0ad9cc442160a944b","Petro"
"860eb9cc5692ea137d52e15a","Lopez"
"334b60ac88d6218049375661","Lopez"
"07686c4f3c2db27a3a5c962e","Uribe"
"e13f558334aadcf051ad8a31","Lopez"
"66f0a16aab5e605eb9555288","Petro"
"998d290402a6d87b2d64f0a9","Uribe"
"2f3922378541b089b40789e6","Uribe"
"6e7ea35dd49596a5f1c5868a","Uribe"
"b6f693d066e20308e6106e46","Uribe"
"51b3a997b2243009d4ad16a8","Uribe"
"4dae58a2f7440e9e143f5237","Lopez"
"72cdfe0752871a567e1bc2f2","Lopez"
"af431b39a2b3ff5c73c2d871","Petro"
"ae26a1bb7c5a1455538ab839","Petro"
"eeeccb2a53a4b7b85ed64578","Uribe"
"46abc31e8533ff04ca3eabc9","Uribe"
"ce33ee221874c8f83435ec6a","Uribe"
"d3ef2f2b8bdc991b972aab8e","Uribe"
"397821817e69e58ce7af0ebd","Lopez"
"d9f88bfca8cc35f574fdb5d1","Lopez"
"6dd08262bf972cc04dd5c49c","Uribe"
"cea1860e4684e7d22b76317d","Uribe"
"4effb70e0ae84fa57f777668","Lopez"
"1b10822c923651ce837df834","Uribe"
"1fb3b8fb397725b68fcc2aac","Lopez"
"14f3ec2faa570fb8c05054c9","Uribe"
"cc6ba16687026afaa52f6f69","Lopez"
"0f1bc06caa0deafd3fd14105","Petro"
"eb0441713b3fd0902a69678d","Uribe"
"f5541e11275c529f12ccfa3a","Lopez"
"fee75c345fbbe5608e72eaf3","Uribe"
"8e1279e482add11384af8881","Petro"
"1a1a1ad5339bc2e67c79283b","Uribe"
"b7de57444a32cffea54dfccf","Lopez"
"be0578b53c5f47aa9c708aa1","Uribe"
"e1eb48e00fd624f468d7623a","Lopez"
"e417d8badc01d72829a48238","Lopez"
"f2fb42fad2e85d315e526ba8","Lopez"
"c1a20de045a9178195700209","Lopez"
"dff2a0c06ac292833e371646","Lopez"
"76363acad90a28a20e898d4e","Uribe"
"eac83872d34e52f0fb04cd7e","Lopez"
"31438f0fc4d4b6d581ca84d8","Lopez"
"47e7ebf74c2a2a4da6703db9","Petro"
"c5e98bbbf79e2476d4dd5c23","Lopez"
"4697a210c2f83462b836f542","Uribe"
"0ccf8a78e7b60d5e99e7936d","Petro"
"369cf22c83157e07a85936fd","Lopez"
"a2f29764afb339fde964fd72","Uribe"
"142f89f564319a39b61576a6","Lopez"
"d1c63a527d88fe4c63541c17","Petro"
"91cb6474ec6cdfc550ff781e","Lopez"
"45e88a04d259dad6065c5d27","Uribe"
"761ab17ff4290853b2e447f4","Uribe"
"a79601417c5b7bd53cb0358d","Uribe"
"78efa189aa306c619207d7e4","Petro"
"d0d25cbcf45e7482380e55a1","Uribe"
"119b7b7d763365d46fb3a859","Uribe"
"b2816d36c5b9def0d9d24681","Petro"
"cdee13b895d5be1ac2ec52e2","Petro"
"e44bf113fb07e01674e09616","Uribe"
"91db2f4a5c7c2af177d5dc9c","Lopez"
"efa2cd8ec695140dda071d11","Uribe"
"95a2885e31bd897207c6bc6a","Petro"
"643eea505794c23db7723c3f","Uribe"
"b17d50b06562e018b27676d0","Uribe"
"1d8ca7ec735571065e84623b","Uribe"
"ece5c8e6f58e54705aa4deba","Uribe"
"a6106851fed006c6621e8ba0","Uribe"
"d38d3495488f72472db2e3ec","Lopez"
"5a015313b70b848557a3e780","Lopez"
"27f9d4fa64d9a80855160bd5","Uribe"
"3bd4e8c53cfee182f5668e21","Lopez"
"470f56cef2ac9df328f024fc","Lopez"
"8071857f0384bd77d551b880","Uribe"
"0bb4f4ef6197a74037eee44d","Uribe"
"f34316dec4793ef611e4b7ec","Lopez"
"aad46223abd73466772e6efa","Uribe"
"5db1f6eeb3bf8a80ed9f01be","Lopez"
"4b9ef778aa3d443d16ee1ab3","Petro"
"8f2c5cda1b858e6c81bed9df","Lopez"
"349a2674cc46b777bbeb0cc5","Uribe"
"37f4101a8216fda64fbc4b72","Petro"
"add32cdd2de05a319dd15120","Lopez"
"c9751f835df9469c065f6b91","Uribe"
"d7f41c9b7d875eaacd51a1da","Lopez"
"16aecc73ca11ba2e31a5736e","Petro"
"10b9ab86e7f7caefd03b4a11","Uribe"
"d0bb1bf40a5a5ebc064958e6","Uribe"
"ea5d6af2d444fcd3632afe49","Uribe"
"71f9be42f6906ce2995afd9e","Uribe"
"8accf953871ad4ef655953c6","Lopez"
"92fb319a1eb9efcf84f3cc99","Lopez"
"3605241e43cd0c7975b0ca8c","Uribe"
"9741525bc53443fbc043a3f9","Uribe"
"fb4f7d77dcbb6a7465dbb68d","Lopez"
"5d2726633bba88fa1188768d","Lopez"
"71dcc1a741c6b6f89558ec13","Petro"
"3d539594168a4f8e4f9bff41","Uribe"
"7ec6a9e0441820b8a197a0e6","Uribe"
"c1bbbaac8a2eb3dfaa5648ba","Lopez"
"35d8a9c3cf68079c926f5bd0","Uribe"
"176ca54f492b8d9e0b5aa1af","Lopez"
"7d0b5c20b48ff5658ddc19c2","Lopez"
"98e1063a6b96510f9733b46d","Uribe"
"4b95fb4eaaeee2c2781317d2","Uribe"
"04eed203fa724c3334a369dc","Uribe"
"f148eb4b4cd14da7d66905e6","Lopez"
"50ad00a394848f5ce9a34fab","Lopez"
"ca27c3734f5c557ec3305b7e","Uribe"
"b14de6fc59ecc4b87656f951","Lopez"
"f141eaaf113f89796694fa66","Uribe"
"e74ec93c0fa2bc9dce341c5d","Uribe"
"c916c019f7d048cb092d0824","Petro"
"9a1911ffecab1fe7524ef2f7","Uribe"
"d3c47926e15876bf29dedbe4","Uribe"
"66094c211a664f9a2250aea8","Uribe"
"4085a09db2132924e1096259","Uribe"
"0634b0184f7ba94d3d33950d","Petro"
"300f4210279e3f3c217945ed","Uribe"
"079dd081b77bfd1faf91cbf6","Uribe"
"406df033f1376f7a4e842d5f","Lopez"
"77e9d89f5c82c312565005e3","Uribe"
"7138f39541d7b83c8cef7176","Lopez"
"6c0b1bd2d54de1f60805804d","Uribe"
"585cee1e2bde8f99b34538b7","Lopez"
"8fcb34ccbf161a26c29e84da","Lopez"
"a734f522081d75ed380f4305","Uribe"
"9c62a2a802967dbad302b167","Petro"
"fa5902d07c9bf18c4415209d","Uribe"
"60d0642355433d15fa46026f","Petro"
"09ecf64ded8ac86c82d4650b","Lopez"
"011d958964bba3b69ff3fd3d","Lopez"
"16d0d489d8550e5b0613efed","Uribe"
"723d62a0a8cedc2f9dfd2044","Uribe"
"93e514ac17b47b0e2b9141f7","Petro"
"2d022a22ec7b41ccd08c2bd0","Uribe"
"0cac373d71a757acdb98a2c1","Lopez"
"8c5704c5e9ceabec9992e890","Uribe"
"35dfc891fab2e2742bffd999","Uribe"
"159d9d5a639589104af9d966","Petro"
"bb5e539203c1b5d216c2d088","Petro"
"97ecd340513f69da1ab267f1","Uribe"
"b0bae6ac6d4d340632095b8a","Uribe"
"e36a5052be9ad1db53b319f4","Petro"
"7f92ddd29941d5500d251a29","Uribe"
"1750bf3afcacf9be0c335e7e","Petro"
"c65d4ed7b2bd18b516ffc4da","Uribe"
"3d83457b8a05d698f161ac1c","Lopez"
"5e6ad29e45fb511282d2d6e0","Petro"
"4b35f689bddfeab77ccbd46a","Uribe"
"5d7ab6fbffd1664a12ec2004","Uribe"
"eb7933b2d4f98f7a8895ff6e","Lopez"
"939d1418f69ee0a172da70b9","Uribe"
"aae2b219a82da66b4444e77b","Uribe"
"cd5560e6355127afc9426562","Lopez"
"63b4c255d5d3a6b66dcdf664","Lopez"
"b8d3b59073452c56a1182d2a","Uribe"
"5c2157481ae20007ec62ad51","Lopez"
"85c99bae0c22a9c8ce4c3b73","Petro"
"002f4fbf364a63a08145fd66","Petro"
"b20f8952231bb56c3de07c46","Lopez"
"ac27428c1b6c67d7a1aea253","Uribe"
"32b682f99ea778cbd6016c02","Lopez"
"3f09ccc55014c6544b6a94e5","Petro"
"679f9c192abca3c099e949ba","Uribe"
"077008c57196f534b2def044","Lopez"
"aca1b8f9721bc4d1f94e7f03","Uribe"
"3ab1c5aea3aab07c34aa0f36","Petro"
"6a589be1384f2aa335031e20","Uribe"
"ad86fef9444fc0d4400123bd","Lopez"
"dbbb4f808b4d330053a63792","Lopez"
"1edba580ded83be78cb4b21f","Lopez"
"9ed72d293a0d4dfe586b29f7","Lopez"
"aa55639b1bbc8a1657abc636","Uribe"
"b125703b031609a8252ac391","Uribe"
"abae03f25fee6de9fd7121dc","Lopez"
"2f02158a5a09743b8f995620","Lopez"
"181b5b4e12985b1a77f4d036","Lopez"
"a85cb0da170fccfa5b45f024","Uribe"
"5a2692527dd81599eb093dfe","Uribe"
"ce7a8affb082c64fc3e421c0","Uribe"
"c1322e12ee24c91c4eb12ae7","Uribe"
"9c6323612c66b00419996691","Uribe"
"f8fdc5e5a3f1da78947e8c5e","Uribe"
"32e8420096fc6d5d4636a12d","Uribe"
"f7349efcdbeb3ca39640945f","Lopez"
"dd19a9f4f1966a361e38fc3c","Lopez"
"3c23016efab984758d000fef","Uribe"
"3aeaffbe96dc59a643ed2098","Uribe"
"6706f9cbfcf1ee9edcd1e815","Uribe"
"750f98592d12746dcf3d7f21","Uribe"
"a4211db6956af815db708e41","Petro"
"9af505b19cffddf7942406e2","Petro"
"b3cea5f2be1f29faa83f45f4","Uribe"
"688f1679853db38b206ca032","Uribe"
"d4e8b8998d9cabb60854865e","Uribe"
"523280dcd26acbef167d3e97","Uribe"
"a246417bbcc45dea4f72cf1e","Uribe"
"1e3770e2f3c3bf5a0ef4dbbd","Petro"
"1c689b3f2adf798602bd9029","Petro"
"ed81cd9ca5727e57f8de6647","Uribe"
"887d5cf5e302ab8d0b0a8116","Petro"
"0870a21c2663788e409e1189","Lopez"
"769601d214f43860ad0d19b3","Lopez"
"d0d1f44be6008b0f33bccda7","Petro"
"f4b75ebdbe0cf9241ee06fcd","Uribe"
"36156686f7c3c2bcf1646c68","Uribe"
"23ccd376507e265a2d9173ff","Uribe"
"0b5f0dc4c489ef98be3d0da3","Lopez"
"b51adcfdb2e9231cef683f99","Lopez"
"b2c9ce999b84de5e247760cf","Uribe"
"8140fa0675bfdb9dbef23640","Uribe"
"08adb96767b891dd63fb5d3c","Uribe"
"d4bed7960e83579dcf8a8540","Uribe"
"c6d07491db4682293b1f58c2","Lopez"
"7875aa533d3990d0493e5208","Uribe"
"d26c0df30f933abf243f7d7d","Uribe"
"adc57692a78cd6d36773cb28","Lopez"
"5f6d35d84cbd96e1af9de4bb","Lopez"
"42092aed82342f4caa28017f","Lopez"
"f87ad28555b85312d9e1c8ec","Lopez"
"d46b1b6be2a1ccc93385dcf3","Petro"
"b4728e82d883a972ac895c1b","Lopez"
"5a1ecdb5a7b577ca46d4fb39","Uribe"
"1fbe73997cb6e6c3d00cffdb","Uribe"
"8c663e1a9aaaf31384246f9d","Lopez"
"eb4244bd73ba05687549cb98","Uribe"
"68ae21092e607c6c4a76542b","Petro"
"2541d9afb40fec3f84e16035","Uribe"
"3c812ecfc2bc218fa7dde316","Uribe"
"51d63cb0106c1bc785b1392c","Petro"
"2a9bc38f4dc0672c446a3dcf","Uribe"
"383de279608d91d41392853e","Uribe"
"bf617bf7fc94108674e60a8a","Lopez"
"3ae59db9fa69245d578bbc35","Uribe"
"7dca95b1f6c56e3dd4d230be","Uribe"
"c361ece1b230da3cbef9a5a6","Uribe"
"ec7e75e3270c74476546dadf","Uribe"
"3c897efa5b19274f767d12e0","Petro"
"adb2835be0d97d1b326b9062","Petro"
"399fd0bab1b0c1cadee679af","Uribe"
"c85b5b3a15ee7f47a9efdd6d","Petro"
"786f8364167ac3b6e07aa1a2","Lopez"
"6064847b3db81454f92f7e7d","Lopez"
"64fba5de8f2178fc8982dca2","Lopez"
"535764686a7caa50084881d1","Lopez"
"27605d07efd4c3803da52de7","Uribe"
"2b484b62388c2523c0f37eb7","Lopez"
"7e77aeee0c2de519f3045c06","Lopez"
"baf0c2b8e42a35d0762f5532","Petro"
"1ad6eb6704de74cf40455840","Petro"
"79c77571a2b68101210e31ab","Uribe"
"59d27dd5fc1bde6631e38a45","Uribe"
"253562f39cc7e0c3da77a480","Lopez"
"bd592f4b54cdd5faa1cdd67f","Lopez"
"e0c9b29097dfd330af2960b6","Lopez"
"2e5f75b281dd79fe662d5db0","Uribe"
"0065b2e76dc65f2fd6d3d221","Uribe"
"0a68cd3d066faf0825e5ba38","Lopez"
"70b9e31e675410e4d9668527","Lopez"
"950f111b73546614083c9e39","Uribe"
"37f20f263af12cb4553ea6cf","Petro"
"4149b14d3fe3ceaf83773afe","Petro"
"9308d919eed9d5d262801d21","Lopez"
"a26f9727acfd4c145dc5c97c","Lopez"
"aaabab0e1219f11fc9400af5","Uribe"
"6e96cea97972881d1ff65cb3","Uribe"
"0fbbaad9476a2c6405660c6b","Lopez"
"c7ad99dcc6be32d759b41988","Petro"
"f797be31de596978d42ef2f1","Uribe"
"fc7561120a15b680b474339b","Petro"
"d8e5537335cfa7926c410110","Lopez"
"7033f92b400088d654d42831","Uribe"
"470f692c642baeda12ade912","Uribe"
"88ae8e07e960c313751bf892","Lopez"
"b3f7c6633a428476ef377401","Uribe"
"1b8684c3a6ecc2d14c68784e","Petro"
"4c3eb79261eb3a1cf27e0360","Lopez"
"1c7e474ed6f0013efcdbb803","Lopez"
"c788538382c7140bfad6b38e","Uribe"
"a2f023ac58c05854bb1ab48a","Uribe"
"c0b8e905ea06a0538cd61f4b","Uribe"
"2fec3e84f9cc469c337b37ec","Uribe"
"165d1ae319dc5feb5fceb4da","Lopez"
"c0ade7e9c86264570740d774","Petro"
"e09170fe6864fd26da443a60","Uribe"
"9a11f2e21b3ec475e8421f59","Petro"
"a54e69385151f45b1b59ef40","Lopez"
"db05eb3e4c4906dc6df79c49","Lopez"
"5ecada73328289aea2f9df61","Uribe"
"364d3332b56b39f5f651683d","Uribe"
"eee1b9c78d56aca07c2b10fe","Petro"
"5dfea6af8d6cb7668471b705","Petro"
"a791cdadede6248b0f2ef2ff","Uribe"
"faa3896ecdd9b3424df10263","Lopez"
"3d53bf2a764e4f4bfd446577","Uribe"
"8203c7f73bae988a4ad8f265","Uribe"
"91f36dab2419c3fb3b4f3786","Uribe"
"d3ff2cf3619b54a32f07e58a","Lopez"
"7d7c44b07ee211ced180eba5","Lopez"
"22d004e4e1d777e1a84d2de2","Uribe"
"70a68c956bb80859140e60bb","Uribe"
"fe27fdad93d6fdd8e498b614","Uribe"
"da3415fda30bc9ec34ac3c02","Uribe"
"49e84afca77489f4ef13064d","Uribe"
"fad62b2baa359aca01b929d3","Lopez"
"dea28dc4c66d32d14572feb5","Lopez"
"e95e25af3ed03f0d78078d04","Lopez"
"4c56bc819980ee06b36f09aa","Uribe"
"c293a2e42c8b562a341d925b","Petro"
"aee2ad45b4956ef4c961f572","Uribe"
"85e28c8193c2db7439693a86","Uribe"
"7de8c3469e148957c1d86742","Lopez"
"61b21347b86a4ec1c500c518","Uribe"
"c2f5704ab9c93d620222e47e","Uribe"
"96b3147c6946eb17b05f763a","Uribe"
"7c26d80b7e8eabdf621e0288","Uribe"
"559168feba1bcda1b0e36db3","Lopez"
"f075857f7411032c7581ecfe","Lopez"
"f6b16e9299e38c3c975b805e","Petro"
"4bb1f37984c20f2d48b69b7e","Uribe"
"1b060da4344dab2ed86700c2","Petro"
"1ecf2e57278aebdc6aefad22","Uribe"
"3c7043cbcaf2da61334cca89","Petro"
"224785f165da30cccd93d388","Lopez"
"6d2a5ecb8ab433c8894308da","Uribe"
"3326c98530c44691b8ddd8ea","Petro"
"f19f86f2a01ac4bbead03715","Uribe"
"d09e35cc5ad90d5b21fd0ce1","Lopez"
"f2624a18dbf6373e9feaaaa3","Uribe"
"ec958d3354eaa0b16c86dc21","Lopez"
"b6146ebc5c3afd6027d5856d","Uribe"
"30a1bdeed78ac5edc9c24b42","Lopez"
"12f0b62cee62be9a93c5de5f","Petro"
"6fdb8b671049c8c89d61de1d","Uribe"
"1abd9e2cef19afa129d98210","Petro"
"410330e8349c90db00cc12fe","Lopez"
"d076a97451d34d69c3d4bab3","Lopez"
"77e4912f46b59692fa5045cb","Lopez"
"bcac12d7e5bd554f083bd712","Uribe"
"8094f9538919086033096a94","Petro"
"5849c764f99c14e33099ddf7","Lopez"
"5c6cdb09ef629ab74370d50e","Petro"
"4811a27aa56f93bd236915f6","Lopez"
"308afc77ea18ff75fd7461a2","Petro"
"5bb701e9d50d5a6566d7d78e","Uribe"
"e898a0bc9b05ba479f1ee6ca","Uribe"
"e298610a755db89cf47dc834","Uribe"
"02dfdaafe4de462c614fca14","Petro"
"2d4a80c37ec3ca654ada0280","Petro"
"dfbd7ce456b2f6d0f7ec4b9a","Lopez"
"093da6c81c92368643d138a8","Uribe"
"3e0d3455eafb84ce80e9f71c","Lopez"
"19cb47abe397413f9de04a1d","Uribe"
"fa65701e072051ae9d1f4a22","Petro"
"6629ecc4049847b205fd0a34","Lopez"
"14b178a687caea4cee33c50e","Lopez"
"7815c79fa9319feaf4f110e8","Petro"
"a0f259c6523ce3078ccf528d","Uribe"
"7082885925922a68b4499362","Uribe"
"bfd14bbf8d59d3415ceb6a01","Uribe"
"bc52134a05c071691b153994","Petro"
"b97540cded85713f86556172","Petro"
"da9915c452ca91717b36a7e0","Uribe"
"d7aac7f808b202801e21b7b4","Lopez"
"40a4839301e8c19b28badf2b","Lopez"
"93a40478b65991d5aec7327a","Lopez"
"630a7978f7bd5ace61e4e179","Lopez"
"50c86dcb9f4f80448151c01f","Uribe"
"644ea4ccb122fc4f4b3c51fe","Uribe"
"3cd35d293b026123349c1e9f","Uribe"
"401e5041a80d471169d0163d","Lopez"
"9abce5fe6fdf20b866885003","Petro"
"33c5e9ce17b462b5ece47919","Uribe"
"0837d831077d32d987a384cd","Petro"
"7ba434da1e286e3969868d18","Lopez"
"1e7e3b88b3ec4cedbce3ad09","Uribe"
"5bb955eeb0dc94520d24307f","Uribe"
"5e9f9758f1810b049449f6f4","Uribe"
"49b56acdc0f7c5ea8dddd536","Uribe"
"1bcf692546bf3a97b79f8740","Lopez"
"872088e619f13ea4361aa89b","Uribe"
"68304e23c8c7a3f137bc76da","Uribe"
"56117bc5dc86e5698d55d809","Uribe"
"a9971a2e5c0810d720b56842","Lopez"
"47c295d660f42c03073ef052","Uribe"
"c1299a4a32275bcc2d9bbb19","Uribe"
"33fd1c523761d8b9656c1cdb","Uribe"
"6202e83896a4e2f3a3be986f","Uribe"
"ae33b91e9537ec0e972d2b1a","Uribe"
"7f2a332283ab49bb82835a6f","Lopez"
"19ef053f142ee929afe92823","Uribe"
"460f2af08b179d9b25f4ba23","Lopez"
"0c32bebe41d112711b25ca81","Uribe"
"920eff6b0444c2a66eb24be1","Lopez"
"934b995543c0d48e41b45aab","Uribe"
"7817e1b28173fcf337ee265d","Uribe"
"95e5d392bd586b12111bd146","Uribe"
"f637a64d8983c0addba24746","Lopez"
"614c9d396ed9b04d757a0626","Petro"
"604c2ae2363c9a417cbf6a35","Uribe"
"87bde91e28d3b1454856ea20","Petro"
"3c04807271a63e90ca7d55b4","Lopez"
"ebbaaf59b2159a138af8ea0f","Uribe"
"062e109f011330eb20256df5","Uribe"
"6cce9e9aed6eb500b16021f3","Uribe"
"d8d0b89d03a2907408489fb4","Uribe"
"2f6d65341cb674ecb72b2bae","Lopez"
"bf145a9599a678f36306d2bb","Lopez"
"f63588a15b8a08dd05325153","Petro"
"bdfbb86a93662208a7135549","Lopez"
"7052021a3a97cad444915bf2","Lopez"
"323127a66852dd753c7dd557","Uribe"
"961c3a3d8ad5e8d46d5e5bfd","Petro"
"d3c8841a826e0cdb73bc60e8","Uribe"
"a8679943912b16d1082d23be","Uribe"
"31f85346d9a82d406f2470ef","Uribe"
"4fecc889da8f9a94be88c82e","Uribe"
"31c40b50efad5fbf361cf93c","Petro"
"fb40dd0b1a2f6aea45c9b5df","Uribe"
"d58a7045069b014077231c26","Uribe"
"c9a8b0356517bac7aadcfb8d","Petro"
"1385870b3a3ee92c1b9d6f88","Uribe"
"1d01b3b255ea835a7800671f","Lopez"
"9d29cd346756691b47af0ae6","Lopez"
"df881015a945f340460cdc1d","Uribe"
"35da5c62747e2b542ec60663","Uribe"
"cc11bf79219d292771d5eef4","Lopez"
"2d6476fb38fd3b7e4d513dad","Petro"
"466cfbd73445fd6cacdf0766","Lopez"
"821532c18bd3b7ba001f21d8","Uribe"
"79805f228fae27dafe06db0e","Uribe"
"07a0ab43a0b694082b739229","Lopez"
"1ab66e86bae7275209f4704d","Petro"
"3bdfdff655a29ed09a4ac157","Lopez"
"40b2763e45bbd06a525299fd","Petro"
"a7d861f96f770ead1f7591f9","Uribe"
"5dfed7daabcd7c9af590e795","Lopez"
"7b38ada9093773a0abc5ebb5","Uribe"
"9bedbdfd7a67afa6f9d93b3a","Uribe"
"4f8aae5b0c185f78e1d6b0c7","Uribe"
"12ce961ebec1fbc182a655d7","Uribe"
"1e9a4958339172472d879784","Lopez"
"5c816f4e3644bcf30006be92","Uribe"
"cb1212a554cb5f26b7512557","Uribe"
"5c1140e972ac1f9cb419eab3","Lopez"
"0e12fc4e60d65fc3d5698479","Uribe"
"5e5142e8bae85e1751d4a6e5","Petro"
"2fe5c4d0440bc4cd4481bb22","Lopez"
"68775d0f67955bfc3f0764b6","Petro"
"0495468425df8f4503d04597","Petro"
"dc99cd10fc7395361ef76372","Uribe"
"2e976dd7c963dfe6ceb7e058","Uribe"
"b1eaaa01665f8a030308e12a","Uribe"
"96976ec3dfb572afc475e553","Uribe"
"46956632e7f433927a893eeb","Petro"
"c30e41c091d9514907e6e0f9","Petro"
"9228e2249e2ea9ce89c7a18b","Lopez"
"a608ce6813f34d978fd7c249","Lopez"
"e232484c8827871edd99f2c8","Petro"
"58a02b517e77d5d174596df9","Petro"
"a52f5e2fc1e3585a609ebf95","Uribe"
"24a624af63e3162ddd10522c","Petro"
"b9ccbbe7fd663e11daacf18a","Lopez"
"fd4071b0d8b9677aeb14b67b","Lopez"
"43019005d26d6b9d6ae55898","Lopez"
"582e0817d945c541b2c43baf","Uribe"
"27e1177c5d28df71b2dfedc6","Uribe"
"8ab1bbc618e7c186bcba4b8e","Lopez"
"8c91e6a2fabfd76085c2a93e","Petro"
"5d28f45869f17299db492ebd","Lopez"
"79d09f80698f62738228ea8a","Uribe"
"0d5085ef14e4a1cd93ef6057","Petro"
"775b968146a8d8d79e37201a","Petro"
"1595f7ef3098ada64dfdc879","Lopez"
"8e3b1683c7a2af034523f439","Uribe"
"ca34a5d3f10fa490f700bde5","Petro"
"a487ae8883628308910be1b3","Lopez"
"a790e8c4185b517090929ec3","Uribe"
"24e05dbed0f2dd3299e944ef","Uribe"
"d09626800411377f5fdb9118","Uribe"
"0779edf77d6109622000d548","Uribe"
"e1afd1152574a6e857ade5a9","Petro"
"541f5054020ed106ef77bdaa","Uribe"
"3f5577ea10bbc0958c8645f3","Lopez"
"06f73756fa008e21db844a3f","Petro"
"e07e1a69b4867eaff314208c","Uribe"
"7ef388829e7d38dfa97a0aff","Lopez"
"353a16a7d5af29eae62be2f3","Lopez"
"0344a306294a1e65c018b684","Lopez"
"54cea2ca38891eb8d8446b80","Lopez"
"25ce9f41005c6455ed847452","Lopez"
"8d29eeca6a6824569f8c691f","Lopez"
"d9a691c24bd5bb03578d524b","Uribe"
"5ec09568ee79d0184bead44a","Lopez"
"77d90e854a3b98b1e8226812","Lopez"
"2085ee73b5ab69497f932858","Petro"
"593823dcbd89e16bdcb1914e","Uribe"
"65fa00eac20c41203eac53b0","Lopez"
"72d9c7aac69fe4357d6a156f","Lopez"
"4775a180628ea7ae15729749","Uribe"
"a355ab82473fbd6816f77866","Petro"
"c64287c75efb6d2b7fbf7259","Lopez"
"c6ad3b5491918eda3895f5f3","Uribe"
"3ce3d8f10dfcce79e37e3d68","Uribe"
"322d35adefc6ea09a1a2bace","Uribe"
"ddde3254c32efd16deac21de","Uribe"
"1cdd012a59046f87cee139a2","Uribe"
"385be7f35cedbd12cfb800f3","Lopez"
"03cfd7f5eba83f1f00adccd9","Uribe"
"8865f0b066b4fa7cff8d37a0","Uribe"
"9196151e41aad661aebe4bee","Lopez"
"65eb52f83eb138132845cefc","Lopez"
"a9ad624799da0c84ef121305","Uribe"
"909166e648f567820e786069","Petro"
"66c438741d2cb98ee9e2b7bd","Lopez"
"33ae2abd4b794bd6db08b444","Uribe"
"907246b837897bcbd6ca3d38","Uribe"
"31af686dac1a11b018f917a3","Uribe"
"2c99d4aa48741fa4cc02fe11","Lopez"
"df2bbe269408d42135217d40","Petro"
"834cb44568dd001250ca431e","Uribe"
"1cdce2fe79e3deb46cc3592c","Petro"
"f00cba14576783df54138cec","Uribe"
"228810d314f31304909e740d","Uribe"
"eaa1b4bdf2584970613b7e19","Uribe"
"218867bf72dd581968329987","Uribe"
"7057806c5ca863e77408e269","Lopez"
"d0eccdb2ad2f78686fffea4d","Petro"
"e2c6d8bac6b2351ab48e77ac","Petro"
"aba44795a6602791d6435c78","Uribe"
"3578ff6542287f18d82aa5a4","Uribe"
"6b227487e8453171b7cdb0e9","Lopez"
"ea38730def551fed4f1be805","Uribe"
"e6cd237da6ab7f1f984d8d4f","Uribe"
"c35b53df6c53ed7ebe24631d","Lopez"
"3a90d92f83e5dee1d20ee1c4","Uribe"
"be697c40abadbd9a1ad4b060","Petro"
"bb5ef839795b3ca36f3ecff4","Petro"
"b891aca3638eea3b85d6d009","Lopez"
"7945c15d1d5623a82d3d4423","Petro"
"8313277b6b3e062e13ba376b","Uribe"
"50f043e30fa4ef6d85ea1120","Uribe"
"8b14e84366eeaaaf224d171b","Lopez"
"d7e1d0c76072cc3971ed1059","Petro"
"8d9f6a3b9b712a99039d835a","Uribe"
"c60bf25e414b895ef1e7ee21","Petro"
"97f50dd2e4ca3440cef1403a","Lopez"
"28e92a5aa3ef399b6761c1b7","Lopez"
"9635317023d12fd7d0d49d34","Lopez"
"512ead87f2b806b4cf33c821","Uribe"
"6bcafbea4072e47236b50086","Uribe"
"28758e6eceb660284ad55aea","Petro"
"ead4dca0a4f5f925b24da0fd","Lopez"
"6ee1aa3c9c90ce9c2b50e36e","Uribe"
"cb0dcaaede2cc9bca6c3eaea","Uribe"
"84783d9a1ca788855b0ab880","Uribe"
"751ab21511be856432e4a74a","Lopez"
"999eab209472cfe79a6cd6a5","Lopez"
"d170a0d3ddb7cef80187e1bf","Petro"
"17db342f2d7e13a46d6fc432","Lopez"
"a5e69d6b33036e476aaa36f6","Uribe"
"dd19c7f064088cca8fd76769","Uribe"
"fa50937b8eaaf1d8d7fb5aa1","Uribe"
"e2adc57df896583be9b5e578","Uribe"
"0d851fba3bfa3890425e25c9","Petro"
"b6ea3be211e5b2cc8013b353","Lopez"
"aa9b872ff518e95bda01a809","Uribe"
"4301cea993248e911392415d","Uribe"
"05f0baecf162298de7357b4f","Uribe"
"d76ed995ffb64d0a4c40559d","Petro"
"c54d78bad0e6e5c6732f5061","Lopez"
"5cb89d136cc89de956c4cc50","Lopez"
"c67726466d0d1991a90387af","Petro"
"d54d747ac61e4ce71b2ebfd2","Uribe"
"95dd5ce5571082c8061b9766","Petro"
"03d5dede71f6eb30327e2bad","Uribe"
"70d73f45f87c75c19a08299a","Uribe"
"b07793d19ab73d2fee2db169","Lopez"
"d0cb145a70bf782a7830181b","Lopez"
"b85b7735a9eb271b72904187","Uribe"
"a67bb32120c14564cd36328c","Lopez"
"81204a24601385d75d1243cf","Uribe"
"5b53c314dc8b58fb2862dc63","Petro"
"fe4117d326dac05c12a2e8f8","Petro"
"ce6468ff0b726dfc3316ada1","Uribe"
"4e1eb0035b42ccb2ec0fcee8","Lopez"
"41dd2fb08a77539f0bd84ad4","Lopez"
"507985ccdd7fa6ffb939afc1","Uribe"
"fb6d27062330184c40c76f05","Uribe"
"f3f0236fdf658b2b9a9bca38","Lopez"
"b2c4d94feedb42c553a1006f","Lopez"
"bea8366b3ca2329640407b71","Uribe"
"a844aab781b3fea44b8cc12a","Uribe"
"ce8f9de2a35ba09c24f32aae","Lopez"
"e77c4d107121bd108465fabf","Petro"
"f50e87c6069a73be7a09307d","Lopez"
"f909a09e1a7691ca804feb5d","Uribe"
"e1a3d47c0b56bfdf4a0b5683","Uribe"
"c09931dfc2455d5d7c3db7ca","Lopez"
"74351c83c9a15dddf8af633e","Lopez"
"7160f904fdb8d887faae21ba","Lopez"
"078dd344709a6a96d4e64b2b","Uribe"
"645dc82739da26709653a8c1","Lopez"
"464decd0c24f1e978eb3d61b","Petro"
"20e34616110e5ea1f4c33128","Petro"
"ebf0645e7515c6636caf19eb","Lopez"
"d0a4353f4ef1f00bc2545410","Petro"
"f50d5a0166154900e9c34c44","Uribe"
"898abd54ba068457418bc636","Lopez"
"4f29238041bbce78dca1d7cf","Uribe"
"c8aca1ecbb99e954b2176c98","Uribe"
"3a4b22e31844584f82058c5b","Uribe"
"95dbcb30c23ee2ec9acab65e","Petro"
"079f4aa9825eff029fbe4a58","Uribe"
"516414c770e30f994d8bbbd6","Lopez"
"2e99082d4e5599cc7c1dc537","Uribe"
"0cf97bab4f77bfc2bd29380c","Uribe"
"e2dae541ebccda0c24dfc93b","Uribe"
"107dad4a2da4505af4338cf2","Uribe"
"883d7d387d54bb31de613248","Petro"
"a055ae9b2df6c8e47372e07b","Uribe"
"e2e6a8a73b23b37b08a08cda","Lopez"
"712fb1545022ce0077bdd6f5","Uribe"
"b388de4c196a34d258ac43de","Lopez"
"b99b295e1ca01de59da782b9","Uribe"
"9a28b00b14188ed8a84e5403","Petro"
"6d0cf8d4984c8f9680551ae0","Petro"
"3d868d4e4cd2fd7b7f46a7a5","Uribe"
"563b93b7966b567b239e9267","Lopez"
"d2192ee2880e438f8bc5067c","Uribe"
"fe644fec94d5e23f17b161af","Uribe"
"d5048ef1ba8fc5b7c570ffb5","Lopez"
"12333d0f3f796f1a2fc897b6","Petro"
"6f4c358db23144b26c7156eb","Lopez"
"26a730124966abe624cb60fe","Uribe"
"c28b90474429270a5817df56","Uribe"
"b7c8ada74ad435999eab7358","Uribe"
"4900dd36b8ea0bdad1128445","Lopez"
"611d5f3a344ceb2eaefc3ecd","Uribe"
"a7242c7c84de69eed1e54aed","Lopez"
"52355803f9662b06a394265a","Uribe"
"07394523c11cf80ce8a305e1","Uribe"
"ae3e267ebdfab02a30553f7c","Lopez"
"10bf46d5882680cf6a1d03d2","Petro"
"86ebb49333d1daf30666e708","Petro"
"c24cbbbf28de30ed56a97a62","Uribe"
"9423023dfb27334292d23c44","Lopez"
"03cc0602aa80fbe961511d03","Lopez"
"629db75c7870e4486382cfce","Lopez"
"3976fac5b144ad06eaaf1780","Uribe"
"e8f11a073b3c37dd4e26c945","Petro"
"c2cbc6ccbfebf91c5687a72a","Uribe"
"b34e680e6aa46a25573234ea","Uribe"
"0c1fa814941a081bb79f379e","Petro"
"4779dd69bcf0299899b99483","Lopez"
"d8654a199c316a9450990d7e","Uribe"
"47e543747339215800693780","Uribe"
"0f69e0c48645b18ac75eb7e2","Lopez"
"696ecec02e7df7b7eb382d72","Lopez"
"ecaaca4b5fc9364fb9e0758b","Lopez"
"6e737279ba65dfa090e5883c","Petro"
"2e039670ea4ea7fcfac06156","Uribe"
"e9a65dc40a7ad01f120aaef3","Uribe"
"4e02e2ba276dd2015b1aa061","Uribe"
"17917f35e9ae452279302aef","Uribe"
"e6c98801cfc08dea328cc483","Petro"
"47c48c81700064447d6ad235","Uribe"
"3ab7ec9584f42ff21eda24b6","Petro"
"c564c3c3af20156cc0bd01d2","Uribe"
"d84459a2a632a1e46239ae86","Uribe"
"d74bd63e3f0d2203582c0c79","Lopez"
"23a7aa1e94be2b635840fa5b","Petro"
"34cb6d2ecb8f263432bd0c0b","Lopez"
"454d9722561505a28e16ebec","Uribe"
"cd39e798d1549c930eeeeecb","Uribe"
"52e9f37f29d1f8484e1bc7a8","Petro"
"eba2bee0fd8adf4de74d3789","Petro"
"161525404cc645f5f0103284","Lopez"
"1c804eb888170a810d1a693c","Uribe"
"99574c109235a2f107936aad","Petro"
"5c0f11e55f74930c8b8dc6be","Lopez"
"009a7fedc9cf1a2f792b3f74","Petro"
"58336f353d63dfe1e83c94bb","Uribe"
"7f17692465fcb387077a6df1","Lopez"
"c89ca88f673ffcf3ed306625","Lopez"
"aa424a151d1e0e76ddc3c68d","Petro"
"856c5e10af99538f1d15441a","Uribe"
"899910582c13feee4c3554fe","Lopez"
"05db62b6656a283d0faed208","Petro"
"d5a61383378dba3163101181","Lopez"
"cf8072e26ae6a65582142cc9","Lopez"
"1cda7a58df1e1fb52031d99d","Lopez"
"443aac6894913a43889f31fb","Lopez"
"9cea63381d22f599ce5a8343","Petro"
"513fcbdb066f0fe4c740169b","Petro"
"e5302e04179e72c40174b04f","Lopez"
"97b515a93ebc8e2c07c7d200","Uribe"
"c8f6c1addc9067be36ff381b","Petro"
"af9031da4a69cb3203ca2f33","Uribe"
"a6c6277f93d14bfa770ef636","Petro"
"278c16a5cda4d32c48495257","Uribe"
"105d84a25a80467eeb80c36d","Lopez"
"9fa61d8a90b48dca7ca04832","Uribe"
"2b782646536366d30e09f876","Lopez"
"9b72fd9bd812fb92e2878eb4","Petro"
"633d40a4aac195a15edb15dd","Lopez"
"c73056bbf77700bad1d32907","Uribe"
"9030062b96af97f55391609d","Petro"
"08768ed4a12ed02750227842","Lopez"
"3db8ad5dccb6184e259e1727","Uribe"
"786332b101b3c2a86d6ee31d","Uribe"
"df6e8938fb55a5f3e607c5d8","Lopez"
"7f872b6d5642b9ac3501a20c","Uribe"
"0286bfac7a9c256466c3462e","Uribe"
"4c32b78bdd8b592176a56e2d","Lopez"
"af7f3a9d3eb69b29834c899d","Uribe"
"e642dad69092e3f8e8771f72","Uribe"
"cf9faa054e628935d9dc820c","Lopez"
"df21de33ccebbd877070e40c","Uribe"
"f6832672087efbd2de9ccfd3","Uribe"
"9c930ca51f24ddc279555962","Petro"
"fff191b45c010f9b98c463df","Uribe"
"28af872e102409c4b81c00ed","Uribe"
"04af268318427b37755ac7aa","Lopez"
"3df8d259c665eadc57d47a50","Uribe"
"cbcf9503589db0548599d5fb","Lopez"
"0c65e8945e02a4ea39c11274","Uribe"
"1df8957985d34b522161e79c","Lopez"
"3e23e2501be73601619c1aab","Petro"
"fa55ce6ee941f854567a8ae7","Petro"
"b6e0994162f420460c76fd2e","Uribe"
"31f804f33dd39c5c525c96ee","Lopez"
"de0eed6fbffbbc749af8aade","Petro"
"c88b06e3812532fd9d07e6cb","Petro"
"bbcbf1542d0aae8d0331e740","Uribe"
"4f772b666db7c5bc0d1f8074","Lopez"
"80c2842d4a12f8d76d042075","Petro"
"a6d758012724c544688ae949","Uribe"
"d9d1bbb91b08bed1eb10f0af","Petro"
"25698e0e6a3ee86833c48575","Uribe"
"4b2be67344a7b9147c34d1e8","Uribe"
"5fba14887ea74c60bb3cdb1e","Lopez"
"3c239ece7430c771fa575bb8","Lopez"
"3d2f8a217ba15445a1884ef3","Uribe"
"accdb980986d2590dcc3d58d","Uribe"
"b14ba8cda1b08337b6c6763f","Uribe"
"84dd6feddbf278c91e1d860a","Uribe"
"b4637dbce8d57ec4eabcaba4","Uribe"
"6920c52af5bd93474e02740d","Lopez"
"3bf74629a5617977eb8fd4af","Lopez"
"90c35ecc30eaa14ca5b8b368","Uribe"
"f0977d6c7ca0840169fe6d9c","Lopez"
"bab35699ac23a10f79e1243f","Lopez"
"afe024ae9a4c6eba8088c700","Lopez"
"2032201dcea5d97466ceac77","Uribe"
"12a4fe7839579da40c7587ef","Uribe"
"0246ac789bc1019a8280d37d","Uribe"
"199163aad93f602dbb9c22d1","Petro"
"7b027f0d39346aec01af5bfd","Lopez"
"0ea14934778bc32ddd21646c","Uribe"
"3788c6e5f3dbbbf79ce10392","Petro"
"4aa55afd812570ac75b2dfe0","Uribe"
"30d0f036bf987998cf0629d8","Uribe"
"5c6e2c02024095b75a3f871c","Uribe"
"db34e48bbe12eefe2e100c5c","Lopez"
"e80e38293d3c3d76aa4ed2db","Petro"
"5545c54b39e6e43271946dd9","Lopez"
"92da524b7957a7fca38b8f1d","Uribe"
"aac8d032de14074de9c0bccb","Uribe"
"ad98488924b11d5f97ec20af","Uribe"
"7d89a01aa45ddaf2b8e99dc5","Petro"
"e333c705af4e7367c84862b4","Uribe"
"dfa48a857abcf661c3c088f0","Lopez"
"1cc4a9699d57886192dec152","Uribe"
"afe16727464282dd3046e985","Lopez"
"dd72c9c343ace720e6f61c22","Uribe"
"4e83558dde6f5a1ef82f4125","Uribe"
"767b6ee17a0053eef155ea7e","Uribe"
"99343e3319184a512c049ef4","Uribe"
"3b6bbd4a18ca218052a7e045","Lopez"
"2b0805e22360d925b096bf1b","Uribe"
"9b82f5cd9e1489f739d794b1","Lopez"
"6135b2ca625dc6ed84c927e4","Lopez"
"d98eac0b73b63a0192c89d83","Lopez"
"8cda6742ba13510a2323a964","Uribe"
"5b12e1b9ef016fd89b6a6abf","Uribe"
"a2256617af3b2990555f0f34","Uribe"
"0818ec1f63e1eb243bde75ee","Uribe"
"2e3fe816d33db6634d312aeb","Uribe"
"671f961bdb13d4904ddd85f0","Uribe"
"e5989190b437d305f2bc7c14","Uribe"
"59f19c631a4848ef50d0b258","Uribe"
"fbc4858202d0d93a4ff27be5","Lopez"
"d202f124819202d3a0d628c1","Lopez"
"c497977e7847daf8b8409c47","Lopez"
"576df3660138727d77bcbfde","Lopez"
"c2361c7993f4f9f91fd5c293","Lopez"
"b2d215dd4d4f7119af6eb754","Lopez"
"e8523e7912a78fd5a52f7586","Petro"
"af34e4fb66b3ffa28d5f6b54","Uribe"
"904d77354a888ef4430b0b13","Petro"
"73dc873be2770dcabdcfea2f","Uribe"
"945ae5382793cb846200737c","Lopez"
"78cf20b6becc1037fc9c7119","Uribe"
"21b31bb590c015752a5a5b08","Petro"
"bb124bd7dbc3b2e6a790eeb5","Uribe"
"de448525bc2eb98d7f0bb602","Lopez"
"e3d37e80e81d5122eb356bfb","Lopez"
"efcaffcec62fe8b69c2b2ebd","Lopez"
"70480519985d6caaaf229c9e","Lopez"
"69f546f042635a855cda7f66","Petro"
"a201a3dc94ae414eccf976df","Uribe"
"2b19de9ccf20023a4a7b1a4d","Petro"
"7759ccd230ebe4598f64162f","Uribe"
"248bccf92fea17f704661bf1","Uribe"
"3fc3ce049e4bfe3cfb9c9140","Petro"
"d8c3b8c7b2d69e17f2b43477","Lopez"
"24ffc4eb96bfbd15b0d949ae","Petro"
"c4b0a04bc988977575d43217","Uribe"
"b9f3eff46d8fb3d6a85420fe","Uribe"
"fe248aed1a7556870f30c00a","Uribe"
"4bd05397e4fae3545548eaa2","Uribe"
"5781bb4e099974f8d3213f06","Lopez"
"f156c95d0459af67c9fc0baf","Petro"
"1c5a3c44380be55040f38094","Uribe"
"778a116aec0355d9759d5f74","Lopez"
"931f3e394238cc8914540d04","Uribe"
"ebc771d90e24ff32227b9362","Uribe"
"8f2836298f0b2ac11554f196","Lopez"
"c2124e39717bbcd8ed202630","Uribe"
"4cadc1bcc0e40d5b29e7264e","Uribe"
"f5bd2bb2ba322da1f926102b","Uribe"
"5f8451f3bc45cc3c841b41d4","Lopez"
"076886c25a19679d64bbee97","Petro"
"32a15b0c5525d5009eae0549","Petro"
"3e371b3e3e1a940de6eae46b","Lopez"
"e4d1a920138ca847efc812d8","Uribe"
"09a9de128b26ffe0ec318dfa","Lopez"
"5e3bade309d57dc081cd9796","Lopez"
"ebd9423a842b90d54c418682","Uribe"
"8f2c31ca0ad73ff7f4e9b522","Lopez"
"78adf43157849aa9ca27e13e","Lopez"
"0b2133daaa049f2057038235","Uribe"
"03451bb69b701c95e47c4519","Lopez"
"9d38f4532327e7f1ad266522","Lopez"
"3460b5cf5fadc24148d18a16","Petro"
"60fa710a3cdfb53d8c8fcf29","Petro"
"8291c410d458c40f6596d661","Uribe"
"5d4d7bebed80ced77064453b","Uribe"
"d58e77f8c09271a14fb49db9","Petro"
"2e4d1edcbf1a82decb46bf6b","Petro"
"a7207be0a55cc9d033fe3cc5","Lopez"
"72d390fca3856d8abc4a35e2","Uribe"
"9a9c295093327d668e7bfc78","Uribe"
"540efcce2238c92ce3b4c4ea","Uribe"
"e635d3099d2e59ca8a213d2b","Petro"
"b99cd9949719d79d6b593328","Uribe"
"da7c5e5d9f96fa77e4eab543","Uribe"
"38db7b88adce9ede02979f80","Uribe"
"a19d7785c3f153a8854e5a8b","Lopez"
"3923bd53f07bea5c25bfc1c5","Uribe"
"5f47edb3fea5f70658280c92","Uribe"
"4ab002642e32eb96ba095f66","Petro"
"d5118cda4dde6199146d376a","Uribe"
"9cdfaa334c75734c6514d021","Uribe"
"8516edf0e6f56a53e21a6368","Uribe"
"c506fabf2c70bdb77d54ed4b","Lopez"
"9c3d813775fcb8369e985ba4","Uribe"
"6eef0165ef208e13c111a967","Uribe"
"1ea2cc71caf33660fd9d2059","Petro"
"3301d2369295cf3f558eb0dc","Uribe"
"3183e87c13a0e3e1aeca951f","Lopez"
"a437577cbfbc18640a8e1027","Uribe"
"3c0b4fa47813dbe15000d299","Uribe"
"e8e59c5781f5418ccc66dffa","Petro"
"f13c2922b6ab66ced4e50f3e","Petro"
"c80d51d3c424d6d35c93f2fb","Uribe"
"00874a460f1099aeb306b809","Lopez"
"a1dd6e848437c05cd00ba8c0","Uribe"
"fa0ad7106f500f3bfae91217","Uribe"
"07f3558525cdc52d6e4eda60","Lopez"
"c572ab35959f79e1f8a866b0","Uribe"
"a63ee8bfc069e006d0c4fc64","Lopez"
"6b5abf6bf7091fcd11ce540e","Uribe"
"6e8caef96271cbecf5691cc8","Lopez"
"d880a6dad348f529b6d3306f","Lopez"
"01e5409160bf7f511425ec3c","Uribe"
"20ec0a05a1731ce33a242d71","Uribe"
"2b501ad1febf8707522a0f91","Uribe"
"6ee5bc48ca443e6a2b1524b9","Petro"
"ed600dd2506da15f4eccefcc","Lopez"
"7b56c4a596ec93b347fda8cb","Uribe"
"c1c5391d4c3650908ddc4a9e","Uribe"
"59b6435f3691dcda855ff210","Lopez"
"7fa72f85250627ac70bbf148","Petro"
"c265138bec279e2e9e21cb32","Lopez"
"09d108502cc03da6efbee4b1","Lopez"
"48ebd2321d14b7ff6f66ed24","Lopez"
"5f8a66bb29a34a4bf9e56740","Uribe"
"5d96ad0f2aafe68020f4c1e3","Uribe"
"5329ea5de0dda99799f21274","Uribe"
"b24ae2d36c99719c8aebf883","Uribe"
"1d1f964c8cf49bfb0b462a96","Lopez"
"b4705f2e7f59902c00808cc4","Uribe"
"a2f81c1cde1219d7a9799f6c","Uribe"
"fc16aac8e61164239ee82491","Uribe"
"a5ed411b631854115e365ba6","Uribe"
"1abfc73e3e33ea8804cc8be2","Uribe"
"9d740a4e5273c4bae3985c3b","Lopez"
"872fa0a588d954bec65f81a1","Petro"
"c8e02d696c7e52ea87eaf67e","Lopez"
"49b302ac85b6ba336d8b34cb","Uribe"
"ef78c43517411dcf3224d44d","Uribe"
"a7a7a1c0263df466b6c58a9a","Uribe"
"738553ff27d2d18e203160d6","Lopez"
"e51790e9725df360e34e351d","Uribe"
"74dcffad76d264f95316fe68","Uribe"
"5b72f051311a93793e3e5ed8","Petro"
"a47fed3fc6a5c30cf6b6ab23","Uribe"
"aaaf3d7258091a6451504e9f","Uribe"
"b33cd68e743a90bf06f705d5","Uribe"
"aeafe0353e509d82347a84e3","Petro"
"231847c5d76507b092aac99b","Lopez"
"2177bc34acdfe4bf81b88f7a","Uribe"
"77604bf3a8378063a30144f9","Petro"
"7180892da3a79139e01e2fa3","Petro"
"ee1b7775f03edc5ebbb8badf","Petro"
"23463a08f1a2c5d63cd67ac1","Lopez"
"1eeb8c2df6dda95f04683d03","Uribe"
"1949a0970e336591b16732b2","Petro"
"96272cc6eee921ec9566363f","Uribe"
"a18718aaa5825ded3e2944c3","Lopez"
"b8a1ce37302826e94107560e","Uribe"
"e32b92e165de1f510fdf970b","Petro"
"e6343c170d5aa2f5b753126e","Lopez"
"f2ff2fcaa47772da7867655b","Petro"
"4936456415acbef8815392ea","Uribe"
"decc67ede178e65f98c0e225","Petro"
"aa1c4b137d12fb54bb8c7351","Lopez"
"b0f11b09adc0da7a1ef9ee4f","Lopez"
"e988a68a0c1d943427045efc","Lopez"
"4b65d6ff062f9c25389f704b","Lopez"
"d19e34cad4e36b427e41593d","Petro"
"ff8b376049b65af5395ff904","Lopez"
"f8d4d72144b8d4d873e27ce9","Lopez"
"3a90a01bab0bea1ba2107f63","Lopez"
"ae2f34eacc0a97caac651f01","Lopez"
"0229a1febcab91d9148d7f51","Lopez"
"e8ee5383f4e63ab8e8290542","Lopez"
"1ad328109d3df5f7e778d6a5","Petro"
"0d906f3a9695ff6a728c870b","Lopez"
"7d7f6a959dbb0a8a1072cc91","Lopez"
"e6c87e558679a19d7db97678","Lopez"
"ac47fc5139a389434a873e7e","Uribe"
"3bc1f9f066dab764f616ce17","Uribe"
"0f79d1a2999072e95325a02e","Lopez"
"3a558d84eaf0e6931af4d127","Lopez"
"6bd5e6a94a3fa540f25eb13c","Lopez"
"a2ad358c3a71c5c4f4c3620b","Petro"
"755209b62c00b43285a7d41a","Petro"
"84ae61574fb34261f637b0c6","Petro"
"8ac2c84a0fe01e0252764f90","Petro"
"433b24939e0d6f0e677066c0","Lopez"
"db590d28557cdb27aa14d96e","Uribe"
"3cb20ce55983ee44a19bbeeb","Petro"
"2e6ae118ac6beb8f3a8e18a0","Uribe"
"50f99c73ff151d1dcd432fde","Uribe"
"21ea38ef953b128eb6c874dd","Uribe"
"9d01394a61da1fa1c9a29b7e","Petro"
"c03833c69d79aa0ddced9ef2","Lopez"
"decce35ebea907820ec22ab2","Uribe"
"ad098c94be15063d1f93f03e","Lopez"
"8d70d732d18c25367cf05fd3","Uribe"
"329e7180c9a3abbe67d18e81","Petro"
"729527b207940ba9f49b83ac","Petro"
"d09c518e969f25614dfdc4c9","Uribe"
"8ee9945a5e131db1a0d2af27","Uribe"
"87cab39007435e8bc7333b8b","Petro"
"7f142ae5bd1824bb333c1b78","Petro"
"5d8985d5ec3bd84e4114fcff","Petro"
"99877a26ca5547bd32d9c2b9","Uribe"
"28baa6020912e328af5f8fc6","Uribe"
"9fac1fca534d4fbe2236a8d2","Uribe"
"a726add084ada92f8c765005","Uribe"
"ddef2b44d12bbeebe12483e1","Uribe"
"51098b378b48ec97f620a257","Uribe"
"4542f4a5ac61133ab02a8bd7","Petro"
"6f2bcc5bce2960981a1cc433","Petro"
"f6e673bdb7142b35f0753b01","Petro"
"a050432a9e98f0d99b1e29b4","Uribe"
"5b07e1d55766ea954eb06685","Lopez"
"5ef9863431a123ea6fbf0662","Uribe"
"d5657e8ced535d0f670c2892","Uribe"
"8ad4d4e3b8b16fd457adf78a","Uribe"
"ca6bc71a61d6aa2b02c1a58f","Petro"
"f9a7282b5d696b1b0af5c42b","Uribe"
"36229e4d4b110b1d683b7b11","Lopez"
"702994f28fea09961ab9aef1","Lopez"
"0ad80d8bcd366dba2fdd5c18","Petro"
"d6fb4f857699e16d6024bcdb","Petro"
"60694da755118461eb5eb668","Uribe"
"0be8fc74b5e744cd29f88e99","Lopez"
"b61876dfbb718bbbad89f92d","Uribe"
"f4659223ee8af427a2e2bcc7","Lopez"
"f71866f6dda2450ebf66e8d0","Petro"
"586b05cb92ded8d2fd923122","Uribe"
"e41876ebfef43883634e1cc0","Lopez"
"e1178d2747c8bf0ddbd56320","Uribe"
"33fbd2ba18e3c091f6f32b6f","Uribe"
"6e0583b1a351add97ea1b492","Uribe"
"6a031d019610b1b4dd5b21c3","Lopez"
"8f72a2b52201b3010c3b85cf","Lopez"
"3fe4c82f32970eddc473ec32","Lopez"
"acfe39647ce53ff462d33384","Lopez"
"e52345f28c37c3e4670c4a23","Uribe"
"9a88fc5ecf7a2df593fb12e9","Lopez"
"2213d77ea68c922c72f9b915","Uribe"
"52feb5516a07817d61bdadb7","Lopez"
"3298b4b9665bac4a5f24eccd","Petro"
"eb202a511524e984942c1e57","Lopez"
"3b674cb81ff1edcd1afc286e","Uribe"
"3e173f3e42fff23e16af4eb1","Uribe"
"fae32bf6cd731131dd97a411","Lopez"
"575d63a3094957252c58255d","Uribe"
"4611a0ee4686f42a53e562c2","Lopez"
"b8edb1c192833309240c7681","Uribe"
"dcbd50a4c95fe8937caf643a","Petro"
"85465051bbf6654fb68db43d","Lopez"
"fe34584358ae36d224252f7a","Uribe"
"6269a20ffaa67645f3cef468","Uribe"
"85b39ce76c3e2a82cdcc4f7c","Uribe"
"d3c49333443098ec45e9a294","Petro"
"2eb3e49096d5f6e3205853ea","Uribe"
"43de065493ecdb7541e457f0","Petro"
"3f9828b98fb1dbef9f05b4f0","Uribe"
"934c4fd4ebe9ca88e31c91d7","Lopez"
"6fbf9719ee41b8d5180e3855","Uribe"
"527a7c7e0977f1b08b69a118","Uribe"
"8be335722b9d33bd58fc278f","Petro"
"714850a0b3d1ae1db41c661b","Lopez"
"be045897fe92953d75218acf","Uribe"
"acb3ceeef7ead11c3237af1b","Petro"
"9a9d969fbbbb3bf51f3de505","Uribe"
"83eb3298fa21ba34ab9f08dd","Uribe"
"72b293c6d2742054c16e2857","Petro"
"fb835df1af1ea3f3ade43982","Uribe"
"f832426d25ba33d573ed3d9e","Lopez"
"2487fbdeb8078c5501739688","Lopez"
"e79b360c527871c50f248c73","Uribe"
"d63457cda819e4cc08c9705f","Lopez"
"81d8fe51dec8f345bca46281","Uribe"
"18231ed574eddfef1cacad2e","Uribe"
"2bc34547b230ce813068260b","Petro"
"757d337db657fbd31ecc44fd","Uribe"
"2b0d03d2d59c367bbbd1bdda","Petro"
"dbd7b9d9b7978612f517b49e","Uribe"
"f72adc2ad6f02e4d5ddd27c0","Lopez"
"2d042af686be8e27b27ae171","Uribe"
"f0bf5b442ef5a670b360ce2f","Uribe"
"92b798cbaf61a1e870f662b3","Uribe"
"c41cc694b418a48f8d85084e","Uribe"
"11f516844b11b8166d383906","Uribe"
"bd3810ba463ab17f60922fb8","Petro"
"38ac8e44517babd83a7ba422","Lopez"
"b602717e1f0047811aea73ce","Lopez"
"6a771f2d2e0756c212f9b6de","Lopez"
"013b5af9828cf3ada79d576c","Lopez"
"dbdb1bf155037c77c85d70c9","Uribe"
"183ed5bbf5af6628ace14182","Uribe"
"69c038786023e04b69f387f1","Petro"
"6dcb3a08d11639d2bfb7cb8d","Petro"
"2336b7edda584a12dfeecaa6","Petro"
"9004711893d11c20c4caf71e","Uribe"
"6788b8e31dde5e392a8e34dd","Petro"
"0e2cefd98cc57b8eef0cc140","Uribe"
"1cfb8af95619619d7b421ca6","Lopez"
"947e5c180a8af6b589bb35e3","Uribe"
"1267afd2ad2e2643e8400f3b","Uribe"
"1275ca6531ee0dd5bdfaabf0","Lopez"
"5af717e7c6b49b14739a8a33","Lopez"
"7dd340a9e8f8269814e3e887","Lopez"
"565a00b4377a4a32552ab499","Petro"
"0980cbb4bb436da9aec1454a","Uribe"
"e0855bc8592baf75e59561bf","Lopez"
"3d915c5bae13e1702d8a2f81","Petro"
"9a77abe893ae8ef775c61072","Lopez"
"4239a201825f034a353211b9","Lopez"
"55beba102714cfcf0fa915ae","Lopez"
"1358cfe70483df1d9c97b9b5","Lopez"
"b47ba5a26f43ab14bfb56c53","Lopez"
"2391204f05d52960e8c5f0d6","Uribe"
"7821c0aaf65cc1a05f6e8025","Lopez"
"069ee040d1ed71b8bdad9970","Lopez"
"359d519cd9b47aa9540b3853","Uribe"
"bc0959e833a6b7286c629ee6","Uribe"
"c13baad7ecb6a2882783156f","Uribe"
"d8b1a89cb831694950caaed5","Petro"
"6ab251dce73c76493b591efb","Uribe"
"b6f2bb460e30c69396b6afd5","Uribe"
"e98745469a39f39b891598c2","Uribe"
"95f8fc2a174ee980d10950c3","Lopez"
"8bfc304256a003e97dc82cd4","Uribe"
"61d4687ec57966a715d0549f","Uribe"
"bd9a02eff27aa4a5a9e3681c","Lopez"
"e67ad79f1ced14368e474d64","Uribe"
"c9586fbb660af400bfb4bd75","Petro"
"8b375709e04910cf7950646b","Lopez"
"90dccf0c93e39ba94fb0d27a","Uribe"
"45dee0f1e395c6fdb7618e00","Petro"
"a9a69b21e3096f74368d1777","Lopez"
"4847f8ad4d1dba92e386d685","Uribe"
"0ed47f2e371aa4f6ff4e1f29","Uribe"
"82bfd83d093cda9deb22d3d2","Uribe"
"f4d16f6d7d9f4e0a998a7886","Lopez"
"53712b0c60675bd2729fd74f","Lopez"
"ec0cc81ef79ee1b2460628cb","Uribe"
"085d04e3d7699047c82f28c3","Uribe"
"5a34abca8c320784c61b8bd5","Uribe"
"64b55ee4912382b5d255c79c","Petro"
"5de7e24d2ab9b5ff12fc6835","Lopez"
"b68b1de1a0698f5873943d9d","Lopez"
"9bd8f8335a49dde3862d95dd","Uribe"
"09afde110dd96362624f275e","Uribe"
"20e54a465bc537f3fa833d04","Petro"
"9164404cdfab7375c1b77b00","Petro"
"370f302846734de6c3a50389","Uribe"
"5819598bb523b8617d7063a7","Lopez"
"8a8e205a7f62b3a41adf2249","Uribe"
"5e0dcc3e1313ecc796591545","Uribe"
"2cff6cbfa7a2dfa46ae848b9","Uribe"
"61a8b2c4023ea6b377aac637","Uribe"
"7e4bedb8dd3a00a52b248cf9","Uribe"
"4237f7027251d3600809417e","Uribe"
"e2aa0b237602e440cc5d9c52","Petro"
"4901cf41f10b7cd5b092e156","Lopez"
"7e6ecfaf41a86222ff7ace42","Uribe"
"759dbda8e7960bb5147179f2","Uribe"
"1192472077ecbb4aefd2fc88","Lopez"
"191827046e30960b90857e9c","Petro"
"e3d5b8e827f3da51aed8556a","Uribe"
"1b7c2b312a219382b7581161","Lopez"
"eabb6afc87d09dd30cf195e2","Petro"
"76908732bc074b9d11a73ee3","Lopez"
"d3ffa46366d55ddf63be1155","Petro"
"5b40a8d8e02b23950086a81c","Uribe"
"26cebcd32a97eb2d97708e86","Uribe"
"a31cc1b5ab1bb91cd558e519","Uribe"
"fd3b4d8531ee7d7d7b05f4ce","Lopez"
"8b1c776653c456eabb5a654d","Lopez"
"1a77a82c63c9fdb4167cdd49","Uribe"
"89d7ad7b0bf4570a81b1af52","Uribe"
"6ba960f009231d0973bd06b3","Uribe"
"ea04b1e3b05c1105746d98ea","Uribe"
"dfa8c0272d4033d68e233f21","Uribe"
"3dc729a20b57369b97d45dca","Lopez"
"5c246464dcebae5877987ad4","Uribe"
"6c749be4b3be2abd674ba5ba","Lopez"
"dade3dd8c222f2cbde5647de","Lopez"
"b67a8db00a5a08765d2d1d8f","Uribe"
"83bac9296ae3551a0b1a47d3","Uribe"
"1ec62d19a44c76d8e193e4b8","Petro"
"267d27a9e0158f59c32119e6","Lopez"
"d73ca3134a7d9e06806bd9d1","Uribe"
"488354106067e8947f799f43","Uribe"
"926b16d801e0ce2b2034f023","Uribe"
"6e020bfab58415279a2cf3ed","Petro"
"acf049ed8a62f0a28fc9bdd1","Lopez"
"abb69a6243d7deacd66a293d","Lopez"
"55d2443e8e60b925e54a0483","Uribe"
"516aa441f12d0d6803f7952e","Uribe"
"23bc14876ad0a0bee6a6009f","Lopez"
"d34c855ce6e451bb26ff70ab","Lopez"
"3e7dfc77f2d7c0709e215531","Uribe"
"6bb6290bd3c32ef0a6d459c2","Lopez"
"40a86e474915f418210ac3ad","Uribe"
"c9139f7826cc9f3cd6e83c3f","Lopez"
"de144aa660721c0400432f92","Lopez"
"36ad484d4db9078ef4017d3a","Petro"
"c98c1ad45346c15440df5849","Lopez"
"b4257e048b2f0db186052246","Uribe"
"9aad7a7bc809fc002daeae65","Uribe"
"d5bc364dec23af938a1c87a5","Lopez"
"3f632afc21bac8c6fe15ef05","Uribe"
"4b7ef87753e55d5080a9b652","Lopez"
"efa4b4d8bb6610b1cf89bb3b","Uribe"
"d30840eec69ae1a97caa16eb","Petro"
"0e6274c887e2213e869ba866","Lopez"
"10856487a2f54b032e9cf6fe","Petro"
"c7bb42ed1f30661fb2d050a7","Lopez"
"007b571ab029a7ee2747a47d","Petro"
"b83c5c3255e1903488f1a7b0","Petro"
"3ad2f1481fb4eed47fe51bb0","Uribe"
"5afe655ffbb2eef3c51355eb","Uribe"
"a1ec143c8809651f52165274","Lopez"
"2939500813848be3809d2960","Uribe"
"2c8b12a765bd9f36eeaec96c","Uribe"
"c0f8e18cadf6be4d98257be1","Petro"
"0b767464ce5cf3d4c1faf60a","Lopez"
"ac3382a1fc8d82f21cbc0942","Uribe"
"d0e803a18512f190e7f61a9e","Uribe"
"e36e1f603591abc94f246380","Uribe"
"0b26c0f06c41c98b14cc01ef","Uribe"
"cf086f6abf381fbcc08a9987","Uribe"
"568f96a3715f00b3e92425c9","Uribe"
"436698bd96dc72cf12e4ec50","Uribe"
"602c96a2a7580cd9e4c59cb4","Uribe"
"6e88c1f7d3293fbd526f72dc","Lopez"
"f67162911da6cf288ae26a95","Lopez"
"c5dfbbae1952b54fda3f6c65","Petro"
"48eb96b3ad973c75b77e182b","Uribe"
"cd419e99fd678183bdfcabf3","Lopez"
"f5b2496c4acbc8fc6f5c6fed","Petro"
"1ae190a0ac0a4e2013d7fd58","Uribe"
"ed1e279f7d05f8c880e45035","Uribe"
"ffa4e3d20dafcb79647dafec","Lopez"
"30351cfb59aa0197a129c092","Uribe"
"5bc7afc5d5214b29f682ddd6","Uribe"
"025f27aaa2e080feb01d10c7","Uribe"
"ceeda2247197f39b79870eca","Uribe"
"81ad66685cc5ab2adf514789","Uribe"
"29aee7e22574ee3592078cb4","Lopez"
"04e0a007c440b399023c4c19","Petro"
"e2f63ae47b1b66d66e5eab6d","Uribe"
"5e2ba94f5b92aff4a40ab4dd","Petro"
"73d6af512ed40dbcbd5fc965","Petro"
"c9ec23a02e9867643f93d55e","Lopez"
"7757a4f859ffd6e991e1d301","Uribe"
"dbcc6e0578c46256ee0e8be3","Lopez"
"ab84aa4eff57e0d0b3476db3","Petro"
"5abde5767396ef55c764c889","Uribe"
"3abf302293663ebbb11dbdb5","Uribe"
"2845bb651f424c1a05a3aa41","Lopez"
"2e266e6361526527d189f8f9","Uribe"
"e77fa97c5596be5dc09ca40f","Lopez"
"640045572dcbc10215c5bd86","Uribe"
"9a85a0f3a761e927c96ea471","Uribe"
"09e3b250c5f275fef03869f3","Lopez"
"70a4bba6e388fa2ca79dc7be","Lopez"
"48d1ffb4657ca5db6554beca","Lopez"
"1abed8c404facc40e6c23e60","Petro"
"ffc8f36dd2750f1cb6728a16","Lopez"
"754644efc0f1af252e9a4004","Lopez"
"da822b2f081f3a82c2ca904d","Petro"
"3730d357bfd9bc0649669e7d","Lopez"
"43964a2cac0f436c7bed37f1","Lopez"
"cca2bcc777e2c6340e34644b","Uribe"
"51f844ece4c50599ea0074b9","Uribe"
"1d2a2e1946f1c1a995c59b67","Uribe"
"2057d24700dec352f6da984e","Uribe"
"d50f8bcfcf21024c623ffa7e","Uribe"
"70368ba57c879778502ba93d","Uribe"
"0eef304b3e003a4fee095c9a","Lopez"
"9c59d84d3b8894de625be1b7","Uribe"
"3c0cf03cd7862b080558c9fc","Lopez"
"b7d3171f1bcd32626baf2116","Petro"
"0ffc88da412635e6dcffdf94","Lopez"
"8c28e49457b9dd3aa5ea8725","Uribe"
"807a91d48b206ff80a6b9d05","Lopez"
"4f694895af2ab29bb5859660","Petro"
"aef8ccea4093a0f286426321","Uribe"
"294645a5f5436daea9890fc0","Lopez"
"5bb90fe65aea48ca91030cdd","Uribe"
"b944fc9fef006aa453d3930a","Uribe"
"c7303909eae697d4630d061a","Lopez"
"af794e551dad431e641cf094","Petro"
"4d4c32f1fef41d11b381af5c","Uribe"
"bda745a4a01e63bfb30adc7d","Petro"
"da7de494620ca9548e71b7e4","Uribe"
"2b1696d0dfc66ddb8decaf83","Petro"
"419e4f41d083b0b4330b3aa4","Lopez"
"4b246f50f06808a0d46c3cee","Petro"
"02a8eea64dd35c4abf0b7ec2","Petro"
"593b3901bfbc04f95657fdb2","Lopez"
"3206fb72dd3b8c8c9ffd1014","Uribe"
"f4bf6a5f4b08e3fcb31a274d","Uribe"
"636af768ef2679fc2e767dcc","Petro"
"008d332828d5acf904f6f204","Lopez"
"1b690069686d6ea7125b5131","Uribe"
"368c2fcbfe478f3d0e9673c8","Uribe"
"d88611da4f9fcb0a56b9d81e","Lopez"
"4c851318ec3993eb0f09b5df","Uribe"
"435a7f888507127df958d092","Uribe"
"99c1384eb2fa77585f731709","Uribe"
"94e4ddcc111ab4513ace68e7","Uribe"
"7876311856b95a2bf8fc93e3","Uribe"
"1c08868d9dd5e436042226d2","Uribe"
"f681faf06a366b2e1319cdeb","Uribe"
"06fa482d294a312756ccb970","Lopez"
"3c300672aea01048f3b02193","Petro"
"31ce0b8072efb274c5911e0c","Petro"
"d802555c9f47f49d654ee2d9","Uribe"
"b92566aca06ef6075be488a2","Uribe"
"7416e3cdf5a7884d7a1b930b","Uribe"
"90ee5d8c2d235dbcf8bf4271","Lopez"
"2f2778f261925122de4ce445","Uribe"
"89c5d285be62efeb61211241","Uribe"
"b033b47a0dd81010d05e2f2f","Petro"
"13878b514b655e9870362bd3","Petro"
"200801fbd3b5bbd30164c9c4","Uribe"
"bfe13b97b84ada5ef1cfbc37","Uribe"
"f90b8ce5c710e9e27f1d19a1","Uribe"
"afecfed789f5f0f3f72cc476","Uribe"
"1acfa9ac8adfbb1df0ca0689","Petro"
"628901dc8bba520590f02020","Uribe"
"0d4ca36c22bcebed8d2dab5d","Uribe"
"00bcc3d23f452e9f91c685a7","Uribe"
"6994fdef2012c487d94e2da1","Lopez"
"b5f52fcb9b5414d1b5a42821","Petro"
"eb74ff7e704139edf3baef2b","Petro"
"5b1ad80d11647c9bcbee599f","Petro"
"5fbb859b89793f5eb3adeb64","Uribe"
"e3e6f3390128ebf03187e5c9","Lopez"
"9c63cd12c6d266802712c685","Uribe"
"b2d2de9c68fccb49e8405061","Uribe"
"8df3c8f328847f214cd93d17","Lopez"
"8ff4e81015fad167a7f115ee","Lopez"
"10d6a93c541a03b379ead3b6","Petro"
"dd5f15b61a08631887b15adc","Lopez"
"e3ee31e6e0953c4feeac28b8","Petro"
"dbe817edb4ced57a16a7a5ab","Lopez"
"ab1900659f1ca1f9b5d03db9","Petro"
"8701da9809fcd77042e97f31","Uribe"
"208b778ccd4fb304ff4092eb","Lopez"
"4472185afd8629fb7625f512","Lopez"
"85645edb238b49416329cc87","Uribe"
"d3e843b92a20171b410f25b3","Lopez"
"2144aec562d61189c9ae9fe7","Petro"
"ad045812e4269f40ec2e41ae","Lopez"
"8cfe7bdb6760505ceefa7ecd","Uribe"
"38bad3739a3bbf74d0c807fb","Uribe"
"f4779b42f3de0e57624c8ad3","Uribe"
"aead6607d1105641495195c4","Uribe"
"d6d3c3dfe9429c8812bf9ce4","Uribe"
"df12128f0aa9a2780b50633c","Uribe"
"18ff2ee89bf229e753141cb2","Lopez"
"8f9fc33f5e64949aedbe49bf","Petro"
"29cc5fad59efde18d4337e84","Uribe"
"0f39e23a412b2877a858d686","Lopez"
"65b58bd7daa065383559add4","Uribe"
"9a8ffd541c886a38b0f6f267","Uribe"
"acd75f878b3d9abc3377f151","Uribe"
"2576905db13f59f9646bd96b","Uribe"
"1ad6d9a560ef5abfa33a44e6","Uribe"
"409f4033ab26219ee3927183","Lopez"
"8b7f0b5943e169074e5c8125","Lopez"
"cb5ba1e3dbbf1d4c4fb04507","Uribe"
"ea60fffbcbe041d9d2a4c632","Uribe"
"3324765c841c37d34ed3aaff","Lopez"
"acfa076d2bc007b24ce5e63f","Uribe"
"a5e671089de163cb8b41a1e1","Lopez"
"dc8c44eefbee1ba8214ea2d5","Uribe"
"1ea213da40bf06f9fb77f41c","Petro"
"fe2c1612b01152d4dcd967bd","Lopez"
"b886fda451cd684bec198649","Lopez"
"51e125cd2d5bb550d3b86f46","Uribe"
"9eacabd238dc872455cba4e9","Lopez"
"ae570cfe809be5482a219a3e","Uribe"
"58fe9a45896407e0de90703c","Petro"
"6983d25a21251cd9f170c9d8","Lopez"
"670a841f36a9d0bb77576cc4","Uribe"
"ee544156886d491b5b5e0a50","Lopez"
"4c4415ee3117199aa8fc4325","Lopez"
"3dc989698c4905e932f5b17b","Lopez"
"cd81eb832ad26caeb93cb170","Uribe"
"78f38e85cca262867b1cae5f","Uribe"
"ad530cb8cbd531635cc8a5c6","Lopez"
"b3438cb09ad0ba431bf740f5","Lopez"
"c31ff92a29f6ec999e1f78f7","Petro"
"222ce4b1dc55cfd272ee89d1","Uribe"
"2e698ec424ac3f1519750239","Uribe"
"ac4afd5c9822a493bb042ba1","Petro"
"4e6defdeb9a7b1ad940baed0","Lopez"
"e6199c8afab918e099cce8b7","Petro"
"fdf8a2143484f8715d43962d","Lopez"
"0d3a63bf096e24343d2c9d86","Petro"
"b5fe495c9754846f42fac9a9","Uribe"
"9be8329bd5aad9aea1024f6a","Petro"
"1cd9f69cd214de70bf8cf5c8","Petro"
"af9e82fcc44aeae831876003","Lopez"
"1b7752cc20bb957d3d86651e","Uribe"
"fda2a790ea722c28ce6ae9cc","Lopez"
"8a778d295948983d59fa1445","Uribe"
"88308f887b461c97f3b68074","Lopez"
"9ad06436a50503212ee229a8","Uribe"
"c0543b4ba8f565d07247a105","Petro"
"7f4afa9eed29c03a78e7f5ea","Lopez"
"22975252ffde8985c104035f","Lopez"
"37c54e1f9ead0b7a060f6ed2","Uribe"
"60802df464469c3c2104729b","Petro"
"a12a70c8a758adedf90b6165","Uribe"
"abdfa37bb0adc6b303c24e81","Lopez"
"e1de94dc96ee29fcceeaf223","Lopez"
"0be5ce1ec0197975cb7ea0e3","Uribe"
"cce479d696065279f4b864b2","Uribe"
"ee9766922085111f530fddb8","Petro"
"c07176d8d598f77b47a39546","Uribe"
"2765dc4cea12666f0c6be812","Lopez"
"49eaa38582d7545a2b43c3b0","Uribe"
"b72f4b5617c700c69fee505e","Lopez"
"5fda8185fe2058b56185527a","Petro"
"f055e8e6e8d99f1a9d60336b","Uribe"
"a913ee8025a1f13025872918","Lopez"
"5aa89985e0bdc91a7041e4f1","Lopez"
"ee8feb0318dc864d84019b43","Petro"
"933bbb1964fcf57c0346774d","Petro"
"94fc4f0f7b95b7f644000ff3","Lopez"
"8075e35c6762509d660d59c6","Petro"
"fd94db060a707eb92be63d88","Uribe"
"cb852c6f2535c16bf2ddd4bd","Petro"
"d5a2dff44ada5665c55cf0ac","Uribe"
"1a086a90514dfdca7e3028bc","Petro"
"5dab57bcf8623798a4c5a7b5","Uribe"
"a2cc5a5698de12237814d7c6","Uribe"
"94d52f0dbbafd5d70b0ee0a5","Uribe"
"a05a4a61634107fcbea42257","Petro"
"744679d54bce0ce4debfb6e1","Uribe"
"1326b4b5d4c3e331dfc122d1","Petro"
"fb84cedc83533c85bafaabe4","Uribe"
"bca4403045b0d58b21938191","Lopez"
"f2557c875459510bd07e6e7c","Uribe"
"86fc8eac5f3aa19e3b18e1c2","Lopez"
"96094f29262b9415e0185da5","Petro"
"43952214d2c0a3201089f897","Petro"
"055dfc2e75fd5a09a13bce6c","Uribe"
"f711a4e324f1e58df479fc30","Petro"
"961e662b9af9027ebaf7a928","Uribe"
"f26ee4db78d4aa0151621630","Lopez"
"4ff34a3e22d51ffae0dbfc9f","Uribe"
"54ef3dcc6d862da1203ad740","Uribe"
"a9011433c1c11fcc04a0967d","Lopez"
"fd3f01fb9689d41e143b3642","Uribe"
"e7e592ae829e1cd41cb503e3","Uribe"
"960c0aada86b559906916bb0","Uribe"
"ad55aa0b284011dab0b02d4b","Uribe"
"bccb6ba5ceb1c0e85b4df37c","Uribe"
"5816f5671ba0443b7aa57b70","Petro"
"b23778a6e6b9fed5497841a4","Uribe"
"4d680e3228ba9c3ba394606c","Uribe"
"48d58674cf2413ce4d441bd9","Uribe"
"274b54c88b03ee7b257cbe77","Uribe"
"9882ed8f9a00b7a5fcc895c5","Lopez"
"6f8d93a91943fd98bdd91ceb","Lopez"
"544a16ab75a34d33bbffb7c3","Petro"
"d8efd96a6573e2b2ca86f61b","Uribe"
"74b9d9f7e3e1033541073c01","Petro"
"2c645dd1725a0367b0500d1f","Petro"
"85e92be07a38e3997877a74e","Uribe"
"e5b2b64f3cb52f54d1c5b2a2","Uribe"
"5af8d79ef9adcd61ec6c02e5","Uribe"
"000228886174276d7ae2471b","Petro"
"8f27e939f5fbcdb041e101c4","Lopez"
"c4e9d9e383d7c1ec5d64474a","Uribe"
"1dae61b01b1e06e738872b68","Lopez"
"ad8ab4d3e26e3dc22c29e482","Petro"
"927459c52c5404ada4cd22ec","Lopez"
"e5fbe1d5399179876fe8d2f0","Lopez"
"32fbddd02430c95cdc8a6c83","Lopez"
"e32088e2f10a82b1307b46ed","Lopez"
"3f4f06071f5c2fa3119a8c35","Uribe"
"004fc7d9c9da90e19ddabd66","Uribe"
"0455ade47f2839feb2d97b77","Uribe"
"3f561d78bf4f32df17f868cf","Lopez"
"826c7cbf89e8a41791561993","Uribe"
"a596d81ec8f2ab552676474b","Uribe"
"3146ee0301cb539a2161d9cc","Petro"
"648d7df14864a71bd6cb22da","Uribe"
"5fd24290c82c00f933bd356f","Lopez"
"fed98a3f92946fb9b31e5d87","Lopez"
"8eb64d6085dbee3babb4a911","Petro"
"91ca5d459c21c2081a2f1172","Lopez"
"a802556e96e04037cc7665f2","Uribe"
"1d2197298cb96043fe63f321","Lopez"
"f0751a679b64d147f06d1e6f","Petro"
"ad5d4ecbc164256ee65f4195","Petro"
"27efadcde83e86d02f637539","Uribe"
"006bbf3e6e770cd171cf74d9","Petro"
